<?xml version="1.0" encoding="UTF-8"?>
<metadata xml:lang="en"><Esri><CreaDate>20190408</CreaDate><CreaTime>17092900</CreaTime><ArcGISFormat>1.0</ArcGISFormat><SyncOnce>FALSE</SyncOnce><DataProperties><itemProps><itemName Sync="TRUE">TAMUSA_ic</itemName><imsContentType Sync="TRUE">002</imsContentType><itemLocation><linkage Sync="TRUE">file://\\sarafs2\GIS\3_Projects\002_impervious_cover_mitigation\Impervious_Cover_Mapping\TexasAM\natural_systems_inventory\working_SM\ArcPro_TAMUSA_StudyZones\NSIdata_to_UrbanEcoplan\TAMUSA_ic.shp</linkage><protocol Sync="TRUE">Local Area Network</protocol></itemLocation><itemSize Sync="TRUE">0.000</itemSize></itemProps><coordRef><type Sync="TRUE">Projected</type><geogcsn Sync="TRUE">GCS_NAD_1983_2011</geogcsn><csUnits Sync="TRUE">Linear Unit: Foot_US (0.304801)</csUnits><projcsn Sync="TRUE">NAD_1983_2011_StatePlane_Texas_South_Central_FIPS_4204_FtUS</projcsn><peXml Sync="TRUE">&lt;ProjectedCoordinateSystem xsi:type='typens:ProjectedCoordinateSystem' xmlns:xsi='http://www.w3.org/2001/XMLSchema-instance' xmlns:xs='http://www.w3.org/2001/XMLSchema' xmlns:typens='http://www.esri.com/schemas/ArcGIS/2.2.0'&gt;&lt;WKT&gt;PROJCS[&amp;quot;NAD_1983_2011_StatePlane_Texas_South_Central_FIPS_4204_FtUS&amp;quot;,GEOGCS[&amp;quot;GCS_NAD_1983_2011&amp;quot;,DATUM[&amp;quot;D_NAD_1983_2011&amp;quot;,SPHEROID[&amp;quot;GRS_1980&amp;quot;,6378137.0,298.257222101]],PRIMEM[&amp;quot;Greenwich&amp;quot;,0.0],UNIT[&amp;quot;Degree&amp;quot;,0.0174532925199433]],PROJECTION[&amp;quot;Lambert_Conformal_Conic&amp;quot;],PARAMETER[&amp;quot;False_Easting&amp;quot;,1968500.0],PARAMETER[&amp;quot;False_Northing&amp;quot;,13123333.33333333],PARAMETER[&amp;quot;Central_Meridian&amp;quot;,-99.0],PARAMETER[&amp;quot;Standard_Parallel_1&amp;quot;,28.38333333333333],PARAMETER[&amp;quot;Standard_Parallel_2&amp;quot;,30.28333333333333],PARAMETER[&amp;quot;Latitude_Of_Origin&amp;quot;,27.83333333333333],UNIT[&amp;quot;Foot_US&amp;quot;,0.3048006096012192],AUTHORITY[&amp;quot;EPSG&amp;quot;,6588]]&lt;/WKT&gt;&lt;XOrigin&gt;-126725700&lt;/XOrigin&gt;&lt;YOrigin&gt;-77828800&lt;/YOrigin&gt;&lt;XYScale&gt;34994581.165044695&lt;/XYScale&gt;&lt;ZOrigin&gt;-100000&lt;/ZOrigin&gt;&lt;ZScale&gt;10000&lt;/ZScale&gt;&lt;MOrigin&gt;-100000&lt;/MOrigin&gt;&lt;MScale&gt;10000&lt;/MScale&gt;&lt;XYTolerance&gt;0.0032808333333333331&lt;/XYTolerance&gt;&lt;ZTolerance&gt;0.001&lt;/ZTolerance&gt;&lt;MTolerance&gt;0.001&lt;/MTolerance&gt;&lt;HighPrecision&gt;true&lt;/HighPrecision&gt;&lt;WKID&gt;103161&lt;/WKID&gt;&lt;LatestWKID&gt;6588&lt;/LatestWKID&gt;&lt;/ProjectedCoordinateSystem&gt;</peXml></coordRef><lineage><Process ToolSource="c:\program files (x86)\arcgis\desktop10.3\ArcToolbox\Toolboxes\Data Management Tools.tbx\CalculateField" Date="20180606" Time="143430" Name="" export="">CalculateField texasAM_IC_ecopiaQAQC CateTitle updateValue(!CateTitle!) PYTHON_9.3 "def updateValue(value):\n  if value == None:\n   return 'parking lot'\n  else: return value"</Process><Process ToolSource="c:\program files\arcgis\pro\Resources\ArcToolbox\toolboxes\Analysis Tools.tbx\Clip" Date="20180912" Time="145620" Name="" export="">Clip tamusa_ic ICM_TAMU_StudyZones \\sarafs2\GIS\3_Projects\002_impervious_cover_mitigation\Impervious_Cover_Mapping\TexasAM\natural_systems_inventory\working_SM\ArcPro_TAMUSA_StudyZones\ICM_TAMU_StudyZones.shp #</Process><Process ToolSource="c:\program files\arcgis\pro\Resources\ArcToolbox\toolboxes\Data Management Tools.tbx\Rename" Date="20180926" Time="101611" Name="" export="">Rename \\sarafs2\GIS\3_Projects\002_impervious_cover_mitigation\Impervious_Cover_Mapping\TexasAM\natural_systems_inventory\working_SM\ArcPro_TAMUSA_StudyZones\ICM_TAMU_StudyZones.shp \\sarafs2\GIS\3_Projects\002_impervious_cover_mitigation\Impervious_Cover_Mapping\TexasAM\natural_systems_inventory\working_SM\ArcPro_TAMUSA_StudyZones\TAMUSA_StudyZones.shp ShapeFile</Process><Process ToolSource="c:\program files\arcgis\pro\Resources\ArcToolbox\toolboxes\Data Management Tools.tbx\Rename" Date="20180927" Time="110554" Name="" export="">Rename X:\3_Projects\002_impervious_cover_mitigation\Impervious_Cover_Mapping\TexasAM\natural_systems_inventory\working_SM\ArcPro_TAMUSA_StudyZones\TAMUSA_StudyZones.shp X:\3_Projects\002_impervious_cover_mitigation\Impervious_Cover_Mapping\TexasAM\natural_systems_inventory\working_SM\ArcPro_TAMUSA_StudyZones\TAMUSA_IC.shp ShapeFile</Process><Process ToolSource="c:\program files\arcgis\pro\Resources\ArcToolbox\toolboxes\Data Management Tools.tbx\DeleteField" Date="20181001" Time="140711" Name="" export="">DeleteField "CIMDATA=&lt;CIMStandardDataConnection xsi:type='typens:CIMStandardDataConnection' xmlns:xsi='http://www.w3.org/2001/XMLSchema-instance' xmlns:xs='http://www.w3.org/2001/XMLSchema' xmlns:typens='http://www.esri.com/schemas/ArcGIS/2.1.0'&gt;&lt;WorkspaceConnectionString&gt;DATABASE=X:\3_Projects\002_impervious_cover_mitigation\Impervious_Cover_Mapping\TexasAM\natural_systems_inventory\working_SM\ArcPro_TAMUSA_StudyZones&lt;/WorkspaceConnectionString&gt;&lt;WorkspaceFactory&gt;Shapefile&lt;/WorkspaceFactory&gt;&lt;Dataset&gt;TAMUSA_IC.shp&lt;/Dataset&gt;&lt;DatasetType&gt;esriDTAny&lt;/DatasetType&gt;&lt;/CIMStandardDataConnection&gt;" Shape_Leng</Process><Process ToolSource="c:\program files\arcgis\pro\Resources\ArcToolbox\toolboxes\Data Management Tools.tbx\DeleteField" Date="20181001" Time="140712" Name="" export="">DeleteField "CIMDATA=&lt;CIMStandardDataConnection xsi:type='typens:CIMStandardDataConnection' xmlns:xsi='http://www.w3.org/2001/XMLSchema-instance' xmlns:xs='http://www.w3.org/2001/XMLSchema' xmlns:typens='http://www.esri.com/schemas/ArcGIS/2.1.0'&gt;&lt;WorkspaceConnectionString&gt;DATABASE=X:\3_Projects\002_impervious_cover_mitigation\Impervious_Cover_Mapping\TexasAM\natural_systems_inventory\working_SM\ArcPro_TAMUSA_StudyZones&lt;/WorkspaceConnectionString&gt;&lt;WorkspaceFactory&gt;Shapefile&lt;/WorkspaceFactory&gt;&lt;Dataset&gt;TAMUSA_IC.shp&lt;/Dataset&gt;&lt;DatasetType&gt;esriDTAny&lt;/DatasetType&gt;&lt;/CIMStandardDataConnection&gt;" Shape_Le_1</Process><Process ToolSource="c:\program files\arcgis\pro\Resources\ArcToolbox\toolboxes\Data Management Tools.tbx\DeleteField" Date="20181001" Time="140712" Name="" export="">DeleteField "CIMDATA=&lt;CIMStandardDataConnection xsi:type='typens:CIMStandardDataConnection' xmlns:xsi='http://www.w3.org/2001/XMLSchema-instance' xmlns:xs='http://www.w3.org/2001/XMLSchema' xmlns:typens='http://www.esri.com/schemas/ArcGIS/2.1.0'&gt;&lt;WorkspaceConnectionString&gt;DATABASE=X:\3_Projects\002_impervious_cover_mitigation\Impervious_Cover_Mapping\TexasAM\natural_systems_inventory\working_SM\ArcPro_TAMUSA_StudyZones&lt;/WorkspaceConnectionString&gt;&lt;WorkspaceFactory&gt;Shapefile&lt;/WorkspaceFactory&gt;&lt;Dataset&gt;TAMUSA_IC.shp&lt;/Dataset&gt;&lt;DatasetType&gt;esriDTAny&lt;/DatasetType&gt;&lt;/CIMStandardDataConnection&gt;" Shape_Area</Process><Process ToolSource="c:\program files\arcgis\pro\Resources\ArcToolbox\toolboxes\Data Management Tools.tbx\AddGeometryAttributes" Date="20181211" Time="084145" Name="" export="">AddGeometryAttributes TAMUSA_IC AREA # Acres PROJCS['NAD_1983_StatePlane_Texas_South_Central_FIPS_4204_Feet',GEOGCS['GCS_North_American_1983',DATUM['D_North_American_1983',SPHEROID['GRS_1980',6378137.0,298.257222101]],PRIMEM['Greenwich',0.0],UNIT['Degree',0.0174532925199433]],PROJECTION['Lambert_Conformal_Conic'],PARAMETER['False_Easting',1968500.0],PARAMETER['False_Northing',13123333.33333333],PARAMETER['Central_Meridian',-99.0],PARAMETER['Standard_Parallel_1',28.38333333333333],PARAMETER['Standard_Parallel_2',30.28333333333333],PARAMETER['Latitude_Of_Origin',27.83333333333333],UNIT['Foot_US',0.3048006096012192]]</Process><Process ToolSource="c:\program files\arcgis\pro\Resources\ArcToolbox\toolboxes\Data Management Tools.tbx\UpdateSchema" Date="20181211" Time="084237" Name="" export="">UpdateSchema "CIMDATA=&lt;CIMStandardDataConnection xsi:type='typens:CIMStandardDataConnection' xmlns:xsi='http://www.w3.org/2001/XMLSchema-instance' xmlns:xs='http://www.w3.org/2001/XMLSchema' xmlns:typens='http://www.esri.com/schemas/ArcGIS/2.2.0'&gt;&lt;WorkspaceConnectionString&gt;DATABASE=\\sarafs2\GIS\3_Projects\002_impervious_cover_mitigation\Impervious_Cover_Mapping\TexasAM\natural_systems_inventory\working_SM\ArcPro_TAMUSA_StudyZones&lt;/WorkspaceConnectionString&gt;&lt;WorkspaceFactory&gt;Shapefile&lt;/WorkspaceFactory&gt;&lt;Dataset&gt;TAMUSA_IC.shp&lt;/Dataset&gt;&lt;DatasetType&gt;esriDTAny&lt;/DatasetType&gt;&lt;/CIMStandardDataConnection&gt;" &lt;operationSequence&gt;&lt;workflow&gt;&lt;DeleteField&gt;&lt;field_name&gt;Area_sqmil&lt;/field_name&gt;&lt;/DeleteField&gt;&lt;/workflow&gt;&lt;/operationSequence&gt;</Process><Process ToolSource="c:\program files\arcgis\pro\Resources\ArcToolbox\toolboxes\Data Management Tools.tbx\CopyFeatures" Date="20181213" Time="085835" Name="" export="">CopyFeatures TAMUSA_IC_old \\sarafs2\GIS\3_Projects\002_impervious_cover_mitigation\Impervious_Cover_Mapping\TexasAM\natural_systems_inventory\working_SM\ArcPro_TAMUSA_StudyZones\ICM_TAMU_StudyZones.gdb\topo_studyzones\TAMUSA_ic_new # # # #</Process><Process ToolSource="c:\program files\arcgis\pro\Resources\ArcToolbox\toolboxes\Data Management Tools.tbx\CopyFeatures" Date="20181213" Time="094749" Name="" export="">CopyFeatures TAMUSA_ic \\sarafs2\GIS\3_Projects\002_impervious_cover_mitigation\Impervious_Cover_Mapping\TexasAM\natural_systems_inventory\working_SM\ArcPro_TAMUSA_StudyZones\NSIdata_to_UrbanEcoplan\TAMUSA_ic.shp # # # #</Process><Process ToolSource="c:\program files\arcgis\pro\Resources\ArcToolbox\toolboxes\Data Management Tools.tbx\CalculateGeometryAttributes" Date="20181213" Time="094936" Name="" export="">CalculateGeometryAttributes TAMUSA_ic "POLY_AREA AREA" # Acres #</Process></lineage></DataProperties><SyncDate>20181213</SyncDate><SyncTime>09474800</SyncTime><ModDate>20181217</ModDate><ModTime>15491100</ModTime><scaleRange><minScale>500000</minScale><maxScale>5000</maxScale></scaleRange></Esri><dataIdInfo><envirDesc Sync="TRUE">Microsoft Windows 10 Version 10.0 (Build 17134) ; Esri ArcGIS 12.2.1.12813</envirDesc><dataLang><languageCode value="eng" Sync="TRUE"/><countryCode value="USA" Sync="TRUE"/></dataLang><idCitation><resTitle Sync="FALSE">TAMUSA_ic</resTitle><presForm><PresFormCd value="005" Sync="TRUE"/></presForm></idCitation><spatRpType><SpatRepTypCd value="001" Sync="TRUE"/></spatRpType><idPurp>This dataset was created to for the natural systems inventory (NSI) as part of the Impervious Cover Mitigation (ICM) Project for Texas A&amp;M University at San Antonio (TAMUSA).</idPurp><searchKeys><keyword>Texas A&amp;M Univesity at San Antonio</keyword><keyword>TAMUSA</keyword><keyword>Impervious Cover</keyword><keyword>SARA GIS</keyword><keyword>ICM</keyword><keyword>Impervious Cover</keyword></searchKeys><idAbs>&lt;DIV STYLE="text-align:Left;"&gt;&lt;DIV&gt;&lt;DIV&gt;&lt;P&gt;&lt;SPAN&gt;The NSI is comprised of metrics: water, vegetation, tree density, soils, grey infrastructure, and slope. This dataset was used to calculate the area (acres) of the grey infrastructure metric. The original impervious cover data was created by ecopia and contracted by SARA. &lt;/SPAN&gt;&lt;SPAN&gt;&lt;SPAN&gt;It is a representation of the current (2018) pervious and impervious cover with the study area, Texas A&amp;amp;M University at San Antonio (TAMUSA).&lt;/SPAN&gt;&lt;/SPAN&gt;&lt;/P&gt;&lt;P&gt;&lt;SPAN /&gt;&lt;/P&gt;&lt;/DIV&gt;&lt;/DIV&gt;&lt;/DIV&gt;</idAbs><idCredit>SARA, Urban Ecoplan</idCredit></dataIdInfo><mdLang><languageCode value="eng" Sync="TRUE"/><countryCode value="USA" Sync="TRUE"/></mdLang><distInfo><distFormat><formatName Sync="TRUE">Shapefile</formatName></distFormat><distTranOps><transSize Sync="TRUE">0.000</transSize></distTranOps></distInfo><mdHrLv><ScopeCd value="005" Sync="TRUE"/></mdHrLv><mdHrLvName Sync="TRUE">dataset</mdHrLvName><refSysInfo><RefSystem><refSysID><identCode code="6588" Sync="TRUE"/><idCodeSpace Sync="TRUE">EPSG</idCodeSpace><idVersion Sync="TRUE">8.9.3(10.3.1)</idVersion></refSysID></RefSystem></refSysInfo><spatRepInfo><VectSpatRep><geometObjs Name="TAMUSA_ic"><geoObjTyp><GeoObjTypCd value="002" Sync="TRUE"/></geoObjTyp><geoObjCnt Sync="TRUE">0</geoObjCnt></geometObjs><topLvl><TopoLevCd value="001" Sync="TRUE"/></topLvl></VectSpatRep></spatRepInfo><spdoinfo><ptvctinf><esriterm Name="TAMUSA_ic"><efeatyp Sync="TRUE">Simple</efeatyp><efeageom code="4" Sync="TRUE"/><esritopo Sync="TRUE">FALSE</esritopo><efeacnt Sync="TRUE">0</efeacnt><spindex Sync="TRUE">FALSE</spindex><linrefer Sync="TRUE">FALSE</linrefer></esriterm></ptvctinf></spdoinfo><eainfo><detailed Name="TAMUSA_ic"><enttyp><enttypl Sync="TRUE">TAMUSA_ic</enttypl><enttypt Sync="TRUE">Feature Class</enttypt><enttypc Sync="TRUE">0</enttypc></enttyp><attr><attrlabl Sync="TRUE">FID</attrlabl><attalias Sync="TRUE">FID</attalias><attrtype Sync="TRUE">OID</attrtype><attwidth Sync="TRUE">4</attwidth><atprecis Sync="TRUE">0</atprecis><attscale Sync="TRUE">0</attscale><attrdef Sync="TRUE">Internal feature number.</attrdef><attrdefs Sync="TRUE">Esri</attrdefs><attrdomv><udom Sync="TRUE">Sequential unique whole numbers that are automatically generated.</udom></attrdomv></attr><attr><attrlabl Sync="TRUE">OBJECTID</attrlabl><attalias Sync="TRUE">OBJECTID</attalias><attrtype Sync="TRUE">Integer</attrtype><attwidth Sync="TRUE">10</attwidth><atprecis Sync="TRUE">10</atprecis><attscale Sync="TRUE">0</attscale><attrdef Sync="TRUE">Internal feature number.</attrdef><attrdefs Sync="TRUE">Esri</attrdefs><attrdomv><udom Sync="TRUE">Sequential unique whole numbers that are automatically generated.</udom></attrdomv></attr><attr><attrlabl Sync="TRUE">CateTitle</attrlabl><attalias Sync="TRUE">CateTitle</attalias><attrtype Sync="TRUE">String</attrtype><attwidth Sync="TRUE">32</attwidth><atprecis Sync="TRUE">0</atprecis><attscale Sync="TRUE">0</attscale></attr><attr><attrlabl Sync="TRUE">Shape</attrlabl><attalias Sync="TRUE">Shape</attalias><attrtype Sync="TRUE">Geometry</attrtype><attwidth Sync="TRUE">0</attwidth><atprecis Sync="TRUE">0</atprecis><attscale Sync="TRUE">0</attscale><attrdef Sync="TRUE">Feature geometry.</attrdef><attrdefs Sync="TRUE">Esri</attrdefs><attrdomv><udom Sync="TRUE">Coordinates defining the features.</udom></attrdomv></attr><attr><attrlabl Sync="TRUE">POLY_AREA</attrlabl><attalias Sync="TRUE">POLY_AREA</attalias><attrtype Sync="TRUE">Double</attrtype><attwidth Sync="TRUE">19</attwidth><atprecis Sync="TRUE">0</atprecis><attscale Sync="TRUE">0</attscale></attr><attr><attrlabl Sync="TRUE">Shape_Leng</attrlabl><attalias Sync="TRUE">Shape_Leng</attalias><attrtype Sync="TRUE">Double</attrtype><attwidth Sync="TRUE">19</attwidth><atprecis Sync="TRUE">0</atprecis><attscale Sync="TRUE">0</attscale></attr><attr><attrlabl Sync="TRUE">Shape_Area</attrlabl><attalias Sync="TRUE">Shape_Area</attalias><attrtype Sync="TRUE">Double</attrtype><attwidth Sync="TRUE">19</attwidth><atprecis Sync="TRUE">0</atprecis><attscale Sync="TRUE">0</attscale><attrdef Sync="TRUE">Area of feature in internal units squared.</attrdef><attrdefs Sync="TRUE">Esri</attrdefs><attrdomv><udom Sync="TRUE">Positive real numbers that are automatically generated.</udom></attrdomv></attr></detailed></eainfo><mdDateSt Sync="TRUE">20181217</mdDateSt></metadata>
